nbr,filename,crack,inactive,aux_label
1,images/cell0001.png,1,0,3
2,images/cell0002.png,1,0,3
3,images/cell0003.png,1,0,3
4,images/cell0004.png,0,0,0
5,images/cell0005.png,0,0,3
9,images/cell0009.png,0,0,0
10,images/cell0010.png,1,0,3
12,images/cell0012.png,1,0,3
13,images/cell0013.png,1,0,3
14,images/cell0014.png,0,0,3
15,images/cell0015.png,1,0,3
16,images/cell0016.png,1,0,3
20,images/cell0020.png,1,0,3
21,images/cell0021.png,1,0,3
24,images/cell0024.png,0,0,3
25,images/cell0025.png,1,0,3
26,images/cell0026.png,1,0,3
27,images/cell0027.png,1,0,3
28,images/cell0028.png,1,0,3
30,images/cell0030.png,1,1,3
31,images/cell0031.png,0,0,3
33,images/cell0033.png,0,0,3
34,images/cell0034.png,1,0,3
35,images/cell0035.png,1,0,3
36,images/cell0036.png,1,0,3
37,images/cell0037.png,1,0,3
38,images/cell0038.png,1,1,3
39,images/cell0039.png,1,1,3
40,images/cell0040.png,1,1,3
41,images/cell0041.png,0,0,3
42,images/cell0042.png,0,0,3
43,images/cell0043.png,0,0,3
44,images/cell0044.png,1,1,3
45,images/cell0045.png,1,0,3
46,images/cell0046.png,1,1,3
47,images/cell0047.png,1,0,3
48,images/cell0048.png,0,0,3
49,images/cell0049.png,1,0,3
51,images/cell0051.png,1,0,3
52,images/cell0052.png,1,0,3
54,images/cell0054.png,1,0,3
55,images/cell0055.png,1,0,3
56,images/cell0056.png,1,0,3
58,images/cell0058.png,0,0,1
60,images/cell0060.png,0,0,0
61,images/cell0061.png,0,0,0
62,images/cell0062.png,0,0,0
63,images/cell0063.png,0,0,0
65,images/cell0065.png,0,0,0
66,images/cell0066.png,0,0,0
67,images/cell0067.png,0,0,0
68,images/cell0068.png,1,0,3
69,images/cell0069.png,0,0,0
71,images/cell0071.png,0,0,0
73,images/cell0073.png,1,0,2
74,images/cell0074.png,0,0,0
76,images/cell0076.png,1,0,3
77,images/cell0077.png,1,0,3
78,images/cell0078.png,1,0,3
79,images/cell0079.png,0,0,0
80,images/cell0080.png,0,0,0
81,images/cell0081.png,0,0,0
83,images/cell0083.png,1,0,3
84,images/cell0084.png,0,0,0
85,images/cell0085.png,0,0,0
86,images/cell0086.png,0,0,0
87,images/cell0087.png,0,0,1
88,images/cell0088.png,0,0,0
90,images/cell0090.png,0,0,0
91,images/cell0091.png,1,0,3
92,images/cell0092.png,0,0,0
93,images/cell0093.png,0,0,1
94,images/cell0094.png,0,0,0
95,images/cell0095.png,0,0,0
96,images/cell0096.png,0,0,0
97,images/cell0097.png,0,0,0
98,images/cell0098.png,0,0,1
99,images/cell0099.png,0,0,0
100,images/cell0100.png,0,0,0
101,images/cell0101.png,0,0,0
102,images/cell0102.png,0,0,0
103,images/cell0103.png,0,0,0
106,images/cell0106.png,0,0,0
107,images/cell0107.png,0,0,0
108,images/cell0108.png,0,0,0
109,images/cell0109.png,0,0,0
112,images/cell0112.png,0,0,3
115,images/cell0115.png,1,0,3
116,images/cell0116.png,0,0,0
117,images/cell0117.png,0,0,0
118,images/cell0118.png,0,0,0
121,images/cell0121.png,0,0,0
123,images/cell0123.png,0,0,0
124,images/cell0124.png,0,0,3
125,images/cell0125.png,0,0,3
126,images/cell0126.png,0,0,0
127,images/cell0127.png,0,0,1
131,images/cell0131.png,0,0,0
134,images/cell0134.png,0,0,1
135,images/cell0135.png,0,0,0
137,images/cell0137.png,0,0,0
138,images/cell0138.png,0,0,0
139,images/cell0139.png,0,0,0
140,images/cell0140.png,0,0,0
141,images/cell0141.png,1,0,3
144,images/cell0144.png,0,0,0
145,images/cell0145.png,0,0,0
146,images/cell0146.png,1,0,3
147,images/cell0147.png,1,0,3
149,images/cell0149.png,0,0,1
150,images/cell0150.png,0,0,1
151,images/cell0151.png,0,0,0
152,images/cell0152.png,0,0,0
154,images/cell0154.png,0,0,0
155,images/cell0155.png,1,0,3
156,images/cell0156.png,0,0,0
157,images/cell0157.png,0,0,0
159,images/cell0159.png,0,0,0
160,images/cell0160.png,0,0,3
163,images/cell0163.png,0,0,0
164,images/cell0164.png,1,0,3
165,images/cell0165.png,1,0,3
166,images/cell0166.png,0,0,0
167,images/cell0167.png,0,0,3
168,images/cell0168.png,0,0,0
170,images/cell0170.png,0,0,0
171,images/cell0171.png,1,0,3
172,images/cell0172.png,0,0,0
173,images/cell0173.png,0,0,0
174,images/cell0174.png,0,0,0
175,images/cell0175.png,0,0,0
176,images/cell0176.png,0,0,1
178,images/cell0178.png,0,0,1
179,images/cell0179.png,0,0,0
180,images/cell0180.png,0,0,1
181,images/cell0181.png,0,0,3
182,images/cell0182.png,0,0,3
184,images/cell0184.png,0,0,1
187,images/cell0187.png,1,0,3
188,images/cell0188.png,0,0,3
189,images/cell0189.png,0,0,2
191,images/cell0191.png,0,0,2
192,images/cell0192.png,1,0,3
193,images/cell0193.png,0,0,3
194,images/cell0194.png,0,0,3
195,images/cell0195.png,0,0,0
196,images/cell0196.png,1,0,3
197,images/cell0197.png,0,0,3
198,images/cell0198.png,0,0,3
199,images/cell0199.png,1,0,3
200,images/cell0200.png,1,0,3
201,images/cell0201.png,0,1,3
202,images/cell0202.png,0,0,2
203,images/cell0203.png,0,1,3
204,images/cell0204.png,0,0,2
205,images/cell0205.png,0,0,2
206,images/cell0206.png,1,0,3
207,images/cell0207.png,0,0,1
208,images/cell0208.png,1,0,3
209,images/cell0209.png,0,0,1
210,images/cell0210.png,0,0,1
211,images/cell0211.png,1,0,3
212,images/cell0212.png,1,0,3
213,images/cell0213.png,1,0,3
216,images/cell0216.png,0,0,1
217,images/cell0217.png,0,0,2
218,images/cell0218.png,0,0,2
219,images/cell0219.png,0,0,2
222,images/cell0222.png,0,0,2
223,images/cell0223.png,1,0,3
226,images/cell0226.png,0,0,0
228,images/cell0228.png,1,0,3
229,images/cell0229.png,1,0,3
231,images/cell0231.png,1,0,3
233,images/cell0233.png,0,0,3
234,images/cell0234.png,0,0,2
235,images/cell0235.png,1,0,1
237,images/cell0237.png,0,0,0
238,images/cell0238.png,0,0,1
239,images/cell0239.png,0,0,0
243,images/cell0243.png,1,0,3
244,images/cell0244.png,1,1,3
246,images/cell0246.png,1,0,3
248,images/cell0248.png,1,0,3
249,images/cell0249.png,1,1,3
251,images/cell0251.png,1,0,3
252,images/cell0252.png,1,0,3
254,images/cell0254.png,0,0,2
255,images/cell0255.png,1,0,3
257,images/cell0257.png,1,0,3
258,images/cell0258.png,0,0,3
261,images/cell0261.png,1,0,3
262,images/cell0262.png,0,0,0
263,images/cell0263.png,1,0,3
264,images/cell0264.png,1,0,3
266,images/cell0266.png,1,1,3
267,images/cell0267.png,0,0,1
268,images/cell0268.png,1,0,3
270,images/cell0270.png,1,0,1
271,images/cell0271.png,1,0,3
273,images/cell0273.png,0,0,0
274,images/cell0274.png,1,0,3
275,images/cell0275.png,1,0,3
276,images/cell0276.png,0,0,0
277,images/cell0277.png,1,0,3
280,images/cell0280.png,1,0,3
281,images/cell0281.png,1,0,3
282,images/cell0282.png,0,0,0
283,images/cell0283.png,1,0,3
284,images/cell0284.png,1,0,3
285,images/cell0285.png,1,0,3
286,images/cell0286.png,1,0,3
287,images/cell0287.png,1,0,3
289,images/cell0289.png,1,0,3
290,images/cell0290.png,1,0,3
291,images/cell0291.png,0,0,2
292,images/cell0292.png,1,0,3
293,images/cell0293.png,1,0,3
295,images/cell0295.png,1,0,3
296,images/cell0296.png,1,0,3
297,images/cell0297.png,1,0,3
298,images/cell0298.png,1,0,3
299,images/cell0299.png,1,0,3
300,images/cell0300.png,0,0,0
301,images/cell0301.png,1,0,3
302,images/cell0302.png,0,0,0
303,images/cell0303.png,0,0,3
304,images/cell0304.png,0,0,3
305,images/cell0305.png,1,0,3
306,images/cell0306.png,0,0,0
307,images/cell0307.png,1,0,2
308,images/cell0308.png,0,0,0
311,images/cell0311.png,0,0,0
312,images/cell0312.png,1,1,3
314,images/cell0314.png,0,0,0
316,images/cell0316.png,1,0,3
317,images/cell0317.png,1,0,3
318,images/cell0318.png,0,0,0
319,images/cell0319.png,1,0,3
320,images/cell0320.png,1,1,3
322,images/cell0322.png,1,0,3
323,images/cell0323.png,1,0,3
325,images/cell0325.png,0,0,1
326,images/cell0326.png,0,0,1
327,images/cell0327.png,0,0,0
329,images/cell0329.png,0,0,0
330,images/cell0330.png,0,0,0
331,images/cell0331.png,0,0,0
332,images/cell0332.png,0,0,0
333,images/cell0333.png,0,0,0
334,images/cell0334.png,0,0,0
335,images/cell0335.png,1,0,3
336,images/cell0336.png,0,0,0
338,images/cell0338.png,0,0,0
339,images/cell0339.png,0,0,0
341,images/cell0341.png,0,0,0
342,images/cell0342.png,1,0,3
343,images/cell0343.png,1,0,0
345,images/cell0345.png,0,0,0
346,images/cell0346.png,1,0,3
347,images/cell0347.png,1,0,3
348,images/cell0348.png,0,0,0
351,images/cell0351.png,0,0,2
352,images/cell0352.png,0,0,0
355,images/cell0355.png,0,0,0
356,images/cell0356.png,0,0,0
357,images/cell0357.png,0,0,0
358,images/cell0358.png,0,0,0
359,images/cell0359.png,0,0,0
361,images/cell0361.png,1,0,3
362,images/cell0362.png,1,0,3
363,images/cell0363.png,1,0,3
364,images/cell0364.png,1,1,3
367,images/cell0367.png,1,0,3
368,images/cell0368.png,1,0,3
369,images/cell0369.png,0,0,0
370,images/cell0370.png,1,0,3
371,images/cell0371.png,1,0,3
372,images/cell0372.png,1,1,3
373,images/cell0373.png,1,0,3
374,images/cell0374.png,1,0,3
375,images/cell0375.png,1,0,3
376,images/cell0376.png,1,1,3
378,images/cell0378.png,1,0,3
379,images/cell0379.png,1,1,3
380,images/cell0380.png,1,1,3
381,images/cell0381.png,1,0,3
382,images/cell0382.png,1,0,3
383,images/cell0383.png,1,1,3
384,images/cell0384.png,1,0,3
385,images/cell0385.png,1,1,3
387,images/cell0387.png,1,0,3
388,images/cell0388.png,1,0,3
392,images/cell0392.png,1,0,3
393,images/cell0393.png,1,0,3
394,images/cell0394.png,1,0,3
395,images/cell0395.png,1,1,3
396,images/cell0396.png,1,1,3
397,images/cell0397.png,0,0,0
398,images/cell0398.png,1,0,3
400,images/cell0400.png,1,1,3
401,images/cell0401.png,1,1,3
402,images/cell0402.png,1,1,3
406,images/cell0406.png,1,1,3
407,images/cell0407.png,1,0,3
408,images/cell0408.png,1,1,3
410,images/cell0410.png,1,1,0
411,images/cell0411.png,1,0,3
412,images/cell0412.png,1,0,3
413,images/cell0413.png,0,0,0
414,images/cell0414.png,1,0,3
415,images/cell0415.png,1,0,3
416,images/cell0416.png,1,0,3
418,images/cell0418.png,1,0,3
421,images/cell0421.png,1,1,3
422,images/cell0422.png,1,0,3
424,images/cell0424.png,1,0,3
426,images/cell0426.png,1,0,3
427,images/cell0427.png,1,0,3
428,images/cell0428.png,1,0,3
430,images/cell0430.png,1,1,3
433,images/cell0433.png,1,0,3
435,images/cell0435.png,1,0,3
436,images/cell0436.png,1,0,3
437,images/cell0437.png,0,1,3
438,images/cell0438.png,1,1,3
439,images/cell0439.png,1,1,3
440,images/cell0440.png,1,0,3
441,images/cell0441.png,1,1,3
442,images/cell0442.png,1,1,3
443,images/cell0443.png,1,1,3
444,images/cell0444.png,1,1,3
446,images/cell0446.png,1,0,3
449,images/cell0449.png,0,0,0
450,images/cell0450.png,1,1,3
451,images/cell0451.png,1,1,3
453,images/cell0453.png,1,0,3
454,images/cell0454.png,1,1,3
455,images/cell0455.png,1,1,3
456,images/cell0456.png,0,0,2
458,images/cell0458.png,0,0,3
459,images/cell0459.png,1,0,3
461,images/cell0461.png,1,1,3
463,images/cell0463.png,1,0,3
465,images/cell0465.png,0,0,0
466,images/cell0466.png,1,1,3
467,images/cell0467.png,1,0,3
469,images/cell0469.png,1,1,3
470,images/cell0470.png,1,0,3
472,images/cell0472.png,1,1,3
473,images/cell0473.png,1,1,3
475,images/cell0475.png,1,0,3
477,images/cell0477.png,1,0,3
479,images/cell0479.png,1,0,3
481,images/cell0481.png,1,1,3
482,images/cell0482.png,1,0,3
483,images/cell0483.png,0,0,0
484,images/cell0484.png,1,1,3
486,images/cell0486.png,1,0,3
487,images/cell0487.png,1,0,3
488,images/cell0488.png,1,1,3
489,images/cell0489.png,1,0,3
490,images/cell0490.png,1,1,3
491,images/cell0491.png,1,0,3
492,images/cell0492.png,1,1,3
493,images/cell0493.png,1,0,3
494,images/cell0494.png,1,1,3
496,images/cell0496.png,1,1,3
497,images/cell0497.png,1,0,3
498,images/cell0498.png,1,0,3
499,images/cell0499.png,1,1,3
500,images/cell0500.png,0,0,0
501,images/cell0501.png,1,1,3
502,images/cell0502.png,1,0,3
503,images/cell0503.png,0,0,0
504,images/cell0504.png,0,0,0
505,images/cell0505.png,1,1,3
506,images/cell0506.png,1,0,3
507,images/cell0507.png,1,0,3
508,images/cell0508.png,0,0,0
509,images/cell0509.png,0,0,0
510,images/cell0510.png,1,0,3
512,images/cell0512.png,1,0,3
513,images/cell0513.png,1,1,3
517,images/cell0517.png,1,1,3
518,images/cell0518.png,0,0,0
520,images/cell0520.png,1,1,3
522,images/cell0522.png,0,0,3
523,images/cell0523.png,1,1,3
524,images/cell0524.png,1,1,3
525,images/cell0525.png,1,1,3
526,images/cell0526.png,0,0,0
527,images/cell0527.png,1,1,3
528,images/cell0528.png,1,1,3
529,images/cell0529.png,1,1,3
530,images/cell0530.png,0,1,3
531,images/cell0531.png,1,0,3
532,images/cell0532.png,0,0,0
533,images/cell0533.png,1,0,3
534,images/cell0534.png,1,0,3
535,images/cell0535.png,1,0,3
536,images/cell0536.png,1,1,3
537,images/cell0537.png,1,0,3
538,images/cell0538.png,0,0,0
539,images/cell0539.png,1,0,3
540,images/cell0540.png,0,0,1
541,images/cell0541.png,0,0,0
542,images/cell0542.png,0,0,0
543,images/cell0543.png,0,0,0
544,images/cell0544.png,0,0,0
545,images/cell0545.png,0,0,0
546,images/cell0546.png,0,0,1
547,images/cell0547.png,0,0,0
548,images/cell0548.png,0,0,0
550,images/cell0550.png,0,0,0
551,images/cell0551.png,0,0,0
552,images/cell0552.png,0,0,0
556,images/cell0556.png,0,0,0
557,images/cell0557.png,0,0,3
558,images/cell0558.png,0,0,0
560,images/cell0560.png,0,0,0
561,images/cell0561.png,0,0,0
562,images/cell0562.png,0,0,1
564,images/cell0564.png,1,0,3
565,images/cell0565.png,0,0,0
566,images/cell0566.png,0,0,0
567,images/cell0567.png,0,0,0
568,images/cell0568.png,0,0,0
570,images/cell0570.png,0,0,0
571,images/cell0571.png,0,0,0
574,images/cell0574.png,0,0,0
575,images/cell0575.png,0,0,0
576,images/cell0576.png,0,0,2
578,images/cell0578.png,1,0,3
579,images/cell0579.png,1,0,3
580,images/cell0580.png,0,0,0
581,images/cell0581.png,0,0,0
583,images/cell0583.png,0,0,0
585,images/cell0585.png,0,0,0
589,images/cell0589.png,0,0,0
590,images/cell0590.png,0,0,0
591,images/cell0591.png,0,0,0
592,images/cell0592.png,0,0,3
593,images/cell0593.png,0,0,3
595,images/cell0595.png,1,0,3
596,images/cell0596.png,0,0,0
598,images/cell0598.png,0,0,0
599,images/cell0599.png,0,0,0
600,images/cell0600.png,0,0,0
601,images/cell0601.png,1,0,3
602,images/cell0602.png,1,1,3
603,images/cell0603.png,1,1,3
605,images/cell0605.png,1,0,3
606,images/cell0606.png,1,0,3
607,images/cell0607.png,1,0,3
608,images/cell0608.png,1,0,3
610,images/cell0610.png,0,0,0
611,images/cell0611.png,1,0,3
612,images/cell0612.png,1,0,3
613,images/cell0613.png,1,0,3
614,images/cell0614.png,1,0,3
616,images/cell0616.png,1,0,3
618,images/cell0618.png,1,0,3
621,images/cell0621.png,0,0,0
622,images/cell0622.png,0,0,0
623,images/cell0623.png,0,0,0
624,images/cell0624.png,0,0,0
625,images/cell0625.png,0,0,1
626,images/cell0626.png,1,0,3
628,images/cell0628.png,0,0,1
629,images/cell0629.png,0,0,2
631,images/cell0631.png,0,0,3
632,images/cell0632.png,0,0,3
633,images/cell0633.png,0,0,0
634,images/cell0634.png,1,0,3
635,images/cell0635.png,0,0,0
636,images/cell0636.png,1,0,3
637,images/cell0637.png,0,0,0
638,images/cell0638.png,0,0,0
639,images/cell0639.png,1,0,3
640,images/cell0640.png,1,0,3
641,images/cell0641.png,0,0,3
642,images/cell0642.png,1,0,3
643,images/cell0643.png,0,0,3
644,images/cell0644.png,1,0,3
645,images/cell0645.png,1,0,3
647,images/cell0647.png,0,0,0
648,images/cell0648.png,0,0,0
650,images/cell0650.png,0,0,0
651,images/cell0651.png,0,0,0
653,images/cell0653.png,0,0,0
654,images/cell0654.png,1,0,3
655,images/cell0655.png,0,0,0
656,images/cell0656.png,0,0,0
658,images/cell0658.png,0,0,0
659,images/cell0659.png,0,0,0
660,images/cell0660.png,1,1,3
662,images/cell0662.png,1,0,3
664,images/cell0664.png,0,0,0
665,images/cell0665.png,0,0,0
666,images/cell0666.png,1,0,3
668,images/cell0668.png,1,1,3
669,images/cell0669.png,0,0,1
672,images/cell0672.png,1,0,3
673,images/cell0673.png,1,0,3
674,images/cell0674.png,1,0,3
675,images/cell0675.png,1,0,3
676,images/cell0676.png,0,0,0
677,images/cell0677.png,0,0,1
678,images/cell0678.png,1,0,2
679,images/cell0679.png,0,0,0
680,images/cell0680.png,1,0,3
681,images/cell0681.png,0,0,0
683,images/cell0683.png,0,0,2
684,images/cell0684.png,0,0,2
686,images/cell0686.png,1,1,3
687,images/cell0687.png,0,0,3
688,images/cell0688.png,0,0,0
690,images/cell0690.png,0,0,0
691,images/cell0691.png,1,0,3
692,images/cell0692.png,0,0,0
693,images/cell0693.png,1,0,3
694,images/cell0694.png,1,0,3
695,images/cell0695.png,1,0,3
696,images/cell0696.png,1,0,3
698,images/cell0698.png,0,0,0
699,images/cell0699.png,1,0,3
701,images/cell0701.png,1,0,2
702,images/cell0702.png,0,1,3
703,images/cell0703.png,0,0,3
704,images/cell0704.png,0,0,0
706,images/cell0706.png,0,0,1
707,images/cell0707.png,0,0,3
708,images/cell0708.png,0,1,3
710,images/cell0710.png,0,0,1
711,images/cell0711.png,0,0,1
712,images/cell0712.png,0,0,3
713,images/cell0713.png,1,0,3
714,images/cell0714.png,1,0,2
716,images/cell0716.png,0,0,0
717,images/cell0717.png,0,0,0
718,images/cell0718.png,0,0,0
719,images/cell0719.png,0,0,0
720,images/cell0720.png,0,0,0
721,images/cell0721.png,0,0,0
726,images/cell0726.png,0,0,0
731,images/cell0731.png,0,0,2
732,images/cell0732.png,1,0,3
733,images/cell0733.png,0,0,0
734,images/cell0734.png,0,0,0
736,images/cell0736.png,0,0,0
737,images/cell0737.png,0,0,0
739,images/cell0739.png,0,0,0
740,images/cell0740.png,1,0,3
741,images/cell0741.png,1,0,3
742,images/cell0742.png,1,0,3
743,images/cell0743.png,1,0,3
744,images/cell0744.png,1,0,3
745,images/cell0745.png,0,0,0
746,images/cell0746.png,0,0,0
747,images/cell0747.png,0,0,0
750,images/cell0750.png,0,0,0
751,images/cell0751.png,0,0,0
752,images/cell0752.png,0,0,0
753,images/cell0753.png,0,0,0
754,images/cell0754.png,0,0,0
755,images/cell0755.png,0,0,0
756,images/cell0756.png,0,0,0
758,images/cell0758.png,1,0,2
759,images/cell0759.png,1,0,3
761,images/cell0761.png,0,0,0
763,images/cell0763.png,0,0,0
765,images/cell0765.png,0,0,0
766,images/cell0766.png,0,0,0
768,images/cell0768.png,0,0,0
769,images/cell0769.png,0,0,0
770,images/cell0770.png,0,0,0
771,images/cell0771.png,0,0,0
772,images/cell0772.png,0,0,0
775,images/cell0775.png,0,0,0
776,images/cell0776.png,0,0,0
777,images/cell0777.png,0,0,1
778,images/cell0778.png,0,0,0
779,images/cell0779.png,0,0,0
782,images/cell0782.png,0,0,3
783,images/cell0783.png,1,0,2
784,images/cell0784.png,0,0,0
785,images/cell0785.png,0,0,0
786,images/cell0786.png,0,1,3
787,images/cell0787.png,1,0,3
788,images/cell0788.png,1,0,3
790,images/cell0790.png,1,0,3
791,images/cell0791.png,0,0,2
792,images/cell0792.png,1,0,3
794,images/cell0794.png,1,0,3
795,images/cell0795.png,0,0,3
796,images/cell0796.png,0,0,3
797,images/cell0797.png,0,0,2
798,images/cell0798.png,0,1,3
799,images/cell0799.png,0,0,3
800,images/cell0800.png,1,0,3
802,images/cell0802.png,0,0,1
803,images/cell0803.png,0,0,0
804,images/cell0804.png,0,0,3
806,images/cell0806.png,1,0,3
807,images/cell0807.png,0,0,2
808,images/cell0808.png,0,0,0
809,images/cell0809.png,0,0,0
811,images/cell0811.png,0,0,0
812,images/cell0812.png,0,0,3
813,images/cell0813.png,0,0,0
814,images/cell0814.png,0,0,0
816,images/cell0816.png,0,0,1
817,images/cell0817.png,1,0,3
818,images/cell0818.png,0,0,1
819,images/cell0819.png,0,0,0
820,images/cell0820.png,0,0,0
821,images/cell0821.png,1,0,3
823,images/cell0823.png,0,0,0
825,images/cell0825.png,0,0,0
826,images/cell0826.png,0,0,0
827,images/cell0827.png,0,0,0
828,images/cell0828.png,0,0,0
829,images/cell0829.png,0,0,0
831,images/cell0831.png,1,0,0
832,images/cell0832.png,0,0,0
833,images/cell0833.png,0,0,0
834,images/cell0834.png,1,0,3
835,images/cell0835.png,1,1,3
836,images/cell0836.png,0,0,3
837,images/cell0837.png,1,0,3
838,images/cell0838.png,0,0,1
839,images/cell0839.png,0,0,0
840,images/cell0840.png,0,0,0
841,images/cell0841.png,1,0,3
842,images/cell0842.png,1,0,3
843,images/cell0843.png,1,0,3
844,images/cell0844.png,0,0,0
845,images/cell0845.png,0,0,0
846,images/cell0846.png,0,0,0
847,images/cell0847.png,0,0,0
848,images/cell0848.png,0,0,0
849,images/cell0849.png,0,0,0
850,images/cell0850.png,0,0,0
851,images/cell0851.png,1,0,3
852,images/cell0852.png,1,0,3
853,images/cell0853.png,1,0,3
854,images/cell0854.png,1,0,3
856,images/cell0856.png,0,0,3
857,images/cell0857.png,1,0,3
859,images/cell0859.png,1,0,3
860,images/cell0860.png,1,0,3
861,images/cell0861.png,1,0,3
862,images/cell0862.png,1,0,3
863,images/cell0863.png,1,0,3
865,images/cell0865.png,1,0,3
866,images/cell0866.png,0,0,2
867,images/cell0867.png,1,0,3
869,images/cell0869.png,1,0,3
870,images/cell0870.png,1,0,3
872,images/cell0872.png,0,0,1
873,images/cell0873.png,1,0,3
875,images/cell0875.png,1,0,3
876,images/cell0876.png,1,0,3
877,images/cell0877.png,1,0,3
878,images/cell0878.png,1,0,3
881,images/cell0881.png,1,0,3
882,images/cell0882.png,1,1,3
883,images/cell0883.png,1,0,3
884,images/cell0884.png,1,0,3
885,images/cell0885.png,1,0,3
886,images/cell0886.png,1,0,3
887,images/cell0887.png,1,0,3
888,images/cell0888.png,1,0,3
889,images/cell0889.png,1,1,3
890,images/cell0890.png,1,0,3
891,images/cell0891.png,1,0,3
893,images/cell0893.png,0,0,2
894,images/cell0894.png,0,0,1
895,images/cell0895.png,0,0,1
897,images/cell0897.png,1,1,3
899,images/cell0899.png,1,0,3
901,images/cell0901.png,0,0,0
902,images/cell0902.png,0,0,0
903,images/cell0903.png,0,0,0
905,images/cell0905.png,0,0,0
907,images/cell0907.png,0,0,0
908,images/cell0908.png,0,0,0
909,images/cell0909.png,0,0,0
911,images/cell0911.png,0,0,3
912,images/cell0912.png,0,0,3
913,images/cell0913.png,0,0,0
914,images/cell0914.png,0,0,0
917,images/cell0917.png,0,0,0
918,images/cell0918.png,0,0,0
921,images/cell0921.png,0,0,1
922,images/cell0922.png,0,0,0
923,images/cell0923.png,0,0,0
924,images/cell0924.png,0,0,0
925,images/cell0925.png,0,0,0
926,images/cell0926.png,0,0,0
927,images/cell0927.png,0,0,0
928,images/cell0928.png,0,0,0
929,images/cell0929.png,0,0,0
930,images/cell0930.png,0,0,0
932,images/cell0932.png,0,0,0
935,images/cell0935.png,0,0,0
937,images/cell0937.png,0,0,0
938,images/cell0938.png,0,0,0
939,images/cell0939.png,0,0,0
940,images/cell0940.png,0,0,0
944,images/cell0944.png,0,0,0
945,images/cell0945.png,0,0,0
947,images/cell0947.png,0,0,0
949,images/cell0949.png,0,0,0
950,images/cell0950.png,0,0,3
951,images/cell0951.png,0,0,0
952,images/cell0952.png,0,0,0
953,images/cell0953.png,0,0,0
954,images/cell0954.png,0,0,0
955,images/cell0955.png,0,0,0
956,images/cell0956.png,0,0,0
957,images/cell0957.png,0,0,0
958,images/cell0958.png,0,0,3
959,images/cell0959.png,0,0,0
960,images/cell0960.png,0,0,0
962,images/cell0962.png,0,0,0
963,images/cell0963.png,0,0,0
964,images/cell0964.png,0,0,0
966,images/cell0966.png,0,0,0
967,images/cell0967.png,0,0,0
968,images/cell0968.png,0,0,0
969,images/cell0969.png,0,0,0
971,images/cell0971.png,0,0,0
972,images/cell0972.png,0,0,0
973,images/cell0973.png,0,0,0
975,images/cell0975.png,0,0,0
977,images/cell0977.png,0,0,0
978,images/cell0978.png,0,0,3
979,images/cell0979.png,0,0,3
980,images/cell0980.png,0,0,0
981,images/cell0981.png,0,0,0
982,images/cell0982.png,0,0,0
983,images/cell0983.png,0,0,0
984,images/cell0984.png,0,0,0
986,images/cell0986.png,0,0,0
987,images/cell0987.png,0,0,2
988,images/cell0988.png,0,0,0
990,images/cell0990.png,0,0,0
992,images/cell0992.png,0,0,0
993,images/cell0993.png,0,0,0
994,images/cell0994.png,0,0,3
995,images/cell0995.png,0,0,0
997,images/cell0997.png,0,0,0
998,images/cell0998.png,0,0,3
999,images/cell0999.png,0,0,0
1000,images/cell1000.png,0,0,0
1002,images/cell1002.png,0,0,0
1003,images/cell1003.png,0,0,3
1004,images/cell1004.png,0,0,0
1005,images/cell1005.png,0,0,0
1006,images/cell1006.png,0,0,0
1008,images/cell1008.png,0,0,2
1009,images/cell1009.png,0,0,0
1011,images/cell1011.png,0,0,1
1013,images/cell1013.png,0,0,0
1014,images/cell1014.png,0,0,0
1015,images/cell1015.png,0,0,0
1016,images/cell1016.png,0,0,0
1018,images/cell1018.png,0,0,0
1019,images/cell1019.png,0,0,0
1020,images/cell1020.png,0,0,0
1021,images/cell1021.png,0,0,0
1023,images/cell1023.png,0,0,0
1024,images/cell1024.png,0,0,0
1025,images/cell1025.png,0,0,2
1026,images/cell1026.png,0,0,2
1027,images/cell1027.png,0,0,0
1028,images/cell1028.png,0,0,2
1029,images/cell1029.png,0,0,0
1030,images/cell1030.png,0,0,3
1031,images/cell1031.png,0,0,0
1032,images/cell1032.png,0,0,3
1033,images/cell1033.png,0,0,1
1034,images/cell1034.png,0,0,0
1037,images/cell1037.png,0,0,0
1038,images/cell1038.png,0,0,0
1039,images/cell1039.png,0,0,0
1040,images/cell1040.png,0,0,0
1043,images/cell1043.png,0,0,3
1045,images/cell1045.png,0,0,3
1047,images/cell1047.png,0,0,0
1048,images/cell1048.png,0,0,3
1053,images/cell1053.png,0,0,3
1054,images/cell1054.png,0,0,3
1055,images/cell1055.png,0,0,3
1056,images/cell1056.png,0,0,3
1057,images/cell1057.png,0,0,0
1059,images/cell1059.png,1,0,3
1060,images/cell1060.png,0,0,0
1061,images/cell1061.png,1,0,3
1063,images/cell1063.png,0,0,0
1064,images/cell1064.png,0,0,3
1065,images/cell1065.png,1,0,3
1067,images/cell1067.png,0,0,0
1068,images/cell1068.png,0,0,0
1069,images/cell1069.png,0,0,3
1070,images/cell1070.png,0,0,0
1072,images/cell1072.png,0,0,0
1074,images/cell1074.png,1,0,3
1075,images/cell1075.png,1,0,3
1076,images/cell1076.png,0,0,0
1077,images/cell1077.png,0,0,0
1078,images/cell1078.png,0,0,0
1079,images/cell1079.png,0,0,3
1080,images/cell1080.png,1,0,3
1084,images/cell1084.png,0,0,0
1085,images/cell1085.png,0,0,2
1087,images/cell1087.png,0,0,3
1089,images/cell1089.png,0,0,0
1090,images/cell1090.png,0,0,2
1091,images/cell1091.png,0,0,0
1092,images/cell1092.png,0,0,0
1093,images/cell1093.png,0,0,0
1094,images/cell1094.png,0,0,0
1095,images/cell1095.png,0,0,2
1096,images/cell1096.png,0,0,0
1097,images/cell1097.png,1,0,3
1100,images/cell1100.png,0,0,3
1101,images/cell1101.png,0,0,3
1102,images/cell1102.png,0,0,0
1103,images/cell1103.png,0,0,3
1105,images/cell1105.png,0,0,0
1106,images/cell1106.png,0,0,0
1107,images/cell1107.png,0,0,0
1108,images/cell1108.png,1,0,3
1109,images/cell1109.png,1,0,3
1110,images/cell1110.png,0,0,0
1111,images/cell1111.png,0,0,0
1112,images/cell1112.png,0,0,0
1116,images/cell1116.png,0,0,0
1117,images/cell1117.png,0,0,0
1118,images/cell1118.png,0,0,0
1119,images/cell1119.png,0,0,0
1120,images/cell1120.png,0,0,0
1121,images/cell1121.png,0,0,1
1122,images/cell1122.png,0,0,1
1124,images/cell1124.png,0,0,1
1125,images/cell1125.png,0,0,1
1126,images/cell1126.png,0,0,0
1127,images/cell1127.png,0,0,2
1129,images/cell1129.png,0,0,0
1130,images/cell1130.png,0,0,1
1131,images/cell1131.png,0,0,0
1132,images/cell1132.png,0,0,3
1133,images/cell1133.png,0,0,0
1135,images/cell1135.png,0,0,0
1137,images/cell1137.png,0,0,0
1139,images/cell1139.png,0,0,0
1140,images/cell1140.png,0,0,0
1141,images/cell1141.png,0,0,1
1142,images/cell1142.png,1,0,3
1143,images/cell1143.png,1,0,3
1144,images/cell1144.png,0,0,0
1145,images/cell1145.png,0,0,0
1146,images/cell1146.png,0,0,3
1147,images/cell1147.png,1,0,3
1148,images/cell1148.png,0,0,0
1149,images/cell1149.png,0,0,0
1150,images/cell1150.png,0,0,0
1151,images/cell1151.png,0,0,1
1152,images/cell1152.png,0,0,0
1153,images/cell1153.png,0,0,0
1154,images/cell1154.png,0,0,0
1155,images/cell1155.png,0,0,0
1157,images/cell1157.png,0,0,0
1158,images/cell1158.png,0,0,0
1159,images/cell1159.png,0,0,1
1160,images/cell1160.png,0,0,1
1161,images/cell1161.png,1,0,3
1162,images/cell1162.png,0,0,2
1163,images/cell1163.png,0,0,3
1164,images/cell1164.png,0,0,0
1165,images/cell1165.png,0,0,0
1167,images/cell1167.png,0,0,0
1168,images/cell1168.png,0,0,1
1169,images/cell1169.png,0,0,3
1170,images/cell1170.png,0,0,0
1171,images/cell1171.png,0,0,0
1172,images/cell1172.png,0,0,3
1173,images/cell1173.png,0,0,3
1174,images/cell1174.png,0,0,3
1176,images/cell1176.png,0,0,0
1177,images/cell1177.png,0,0,2
1178,images/cell1178.png,0,0,0
1179,images/cell1179.png,1,0,2
1180,images/cell1180.png,0,0,0
1181,images/cell1181.png,0,0,0
1182,images/cell1182.png,1,0,3
1183,images/cell1183.png,0,0,0
1184,images/cell1184.png,0,0,0
1185,images/cell1185.png,0,0,0
1186,images/cell1186.png,0,0,0
1189,images/cell1189.png,1,0,2
1190,images/cell1190.png,0,0,1
1191,images/cell1191.png,0,0,0
1193,images/cell1193.png,0,0,0
1194,images/cell1194.png,0,0,0
1195,images/cell1195.png,0,0,2
1196,images/cell1196.png,0,0,2
1197,images/cell1197.png,0,0,2
1198,images/cell1198.png,0,0,0
1199,images/cell1199.png,0,0,0
1201,images/cell1201.png,0,0,0
1202,images/cell1202.png,0,0,0
1203,images/cell1203.png,0,0,0
1204,images/cell1204.png,0,0,1
1206,images/cell1206.png,0,0,0
1208,images/cell1208.png,0,0,0
1209,images/cell1209.png,0,0,1
1211,images/cell1211.png,0,0,0
1212,images/cell1212.png,0,0,0
1213,images/cell1213.png,0,0,0
1214,images/cell1214.png,0,0,0
1215,images/cell1215.png,0,0,0
1216,images/cell1216.png,0,0,0
1217,images/cell1217.png,0,0,0
1218,images/cell1218.png,0,0,0
1219,images/cell1219.png,0,0,2
1220,images/cell1220.png,0,0,3
1221,images/cell1221.png,0,0,3
1222,images/cell1222.png,0,0,2
1223,images/cell1223.png,0,0,3
1224,images/cell1224.png,0,0,1
1226,images/cell1226.png,0,0,0
1227,images/cell1227.png,0,0,0
1228,images/cell1228.png,0,0,0
1229,images/cell1229.png,0,0,0
1230,images/cell1230.png,0,0,0
1231,images/cell1231.png,0,0,0
1233,images/cell1233.png,0,0,0
1234,images/cell1234.png,0,0,0
1235,images/cell1235.png,0,0,0
1238,images/cell1238.png,0,0,0
1239,images/cell1239.png,0,0,0
1242,images/cell1242.png,0,0,2
1243,images/cell1243.png,0,0,2
1244,images/cell1244.png,0,0,0
1246,images/cell1246.png,0,0,0
1247,images/cell1247.png,0,0,0
1249,images/cell1249.png,0,0,0
1250,images/cell1250.png,0,0,0
1251,images/cell1251.png,0,0,0
1252,images/cell1252.png,0,0,0
1253,images/cell1253.png,0,0,0
1256,images/cell1256.png,0,0,0
1257,images/cell1257.png,0,0,0
1258,images/cell1258.png,0,0,0
1259,images/cell1259.png,0,0,1
1261,images/cell1261.png,0,0,0
1262,images/cell1262.png,0,0,0
1263,images/cell1263.png,0,0,0
1265,images/cell1265.png,0,0,0
1266,images/cell1266.png,0,0,0
1268,images/cell1268.png,0,0,0
1271,images/cell1271.png,0,0,0
1273,images/cell1273.png,0,0,0
1274,images/cell1274.png,0,0,0
1275,images/cell1275.png,0,0,0
1276,images/cell1276.png,0,0,0
1277,images/cell1277.png,0,0,0
1278,images/cell1278.png,0,0,0
1279,images/cell1279.png,0,0,1
1280,images/cell1280.png,0,0,1
1281,images/cell1281.png,0,0,1
1282,images/cell1282.png,0,0,1
1283,images/cell1283.png,0,0,1
1285,images/cell1285.png,0,0,0
1286,images/cell1286.png,0,0,0
1287,images/cell1287.png,0,0,0
1288,images/cell1288.png,0,0,0
1290,images/cell1290.png,0,0,0
1291,images/cell1291.png,0,0,0
1292,images/cell1292.png,0,0,0
1293,images/cell1293.png,0,0,0
1294,images/cell1294.png,0,0,0
1295,images/cell1295.png,0,0,1
1300,images/cell1300.png,0,0,1
1301,images/cell1301.png,0,0,1
1302,images/cell1302.png,0,0,1
1303,images/cell1303.png,1,0,3
1305,images/cell1305.png,0,0,0
1306,images/cell1306.png,1,0,3
1307,images/cell1307.png,0,0,0
1308,images/cell1308.png,1,0,3
1310,images/cell1310.png,0,0,0
1311,images/cell1311.png,0,0,0
1312,images/cell1312.png,0,0,0
1313,images/cell1313.png,0,0,0
1314,images/cell1314.png,0,0,0
1315,images/cell1315.png,1,0,3
1316,images/cell1316.png,0,0,0
1317,images/cell1317.png,0,0,0
1320,images/cell1320.png,0,0,1
1321,images/cell1321.png,0,0,0
1322,images/cell1322.png,0,0,0
1324,images/cell1324.png,0,0,0
1325,images/cell1325.png,0,0,1
1326,images/cell1326.png,0,0,1
1328,images/cell1328.png,0,0,1
1329,images/cell1329.png,0,0,1
1330,images/cell1330.png,0,0,1
1333,images/cell1333.png,0,0,1
1335,images/cell1335.png,0,0,0
1337,images/cell1337.png,0,0,0
1338,images/cell1338.png,0,0,0
1339,images/cell1339.png,0,0,0
1342,images/cell1342.png,0,0,0
1343,images/cell1343.png,0,0,0
1344,images/cell1344.png,0,0,0
1345,images/cell1345.png,0,0,1
1346,images/cell1346.png,0,0,1
1347,images/cell1347.png,0,0,1
1348,images/cell1348.png,0,0,0
1350,images/cell1350.png,0,0,0
1353,images/cell1353.png,0,0,0
1357,images/cell1357.png,0,0,0
1358,images/cell1358.png,0,0,0
1360,images/cell1360.png,0,0,0
1361,images/cell1361.png,0,0,0
1362,images/cell1362.png,0,0,0
1363,images/cell1363.png,0,0,0
1364,images/cell1364.png,0,0,0
1365,images/cell1365.png,0,0,1
1366,images/cell1366.png,0,0,1
1367,images/cell1367.png,0,0,1
1368,images/cell1368.png,0,0,1
1369,images/cell1369.png,0,0,1
1370,images/cell1370.png,0,0,1
1372,images/cell1372.png,0,0,1
1373,images/cell1373.png,0,0,1
1374,images/cell1374.png,0,0,0
1375,images/cell1375.png,0,0,0
1376,images/cell1376.png,0,0,2
1377,images/cell1377.png,0,0,1
1380,images/cell1380.png,0,0,0
1382,images/cell1382.png,0,0,2
1383,images/cell1383.png,0,0,2
1384,images/cell1384.png,0,0,2
1385,images/cell1385.png,0,0,0
1386,images/cell1386.png,0,0,1
1387,images/cell1387.png,0,0,1
1388,images/cell1388.png,0,0,1
1392,images/cell1392.png,0,0,2
1393,images/cell1393.png,1,0,2
1394,images/cell1394.png,0,0,3
1396,images/cell1396.png,1,0,3
1397,images/cell1397.png,0,0,1
1398,images/cell1398.png,0,0,1
1399,images/cell1399.png,1,0,2
1400,images/cell1400.png,0,0,0
1401,images/cell1401.png,0,0,0
1402,images/cell1402.png,0,0,0
1403,images/cell1403.png,1,0,1
1404,images/cell1404.png,1,0,1
1405,images/cell1405.png,1,0,3
1406,images/cell1406.png,0,0,2
1407,images/cell1407.png,0,0,2
1408,images/cell1408.png,0,0,2
1409,images/cell1409.png,1,0,2
1412,images/cell1412.png,0,0,1
1413,images/cell1413.png,0,0,1
1414,images/cell1414.png,0,0,1
1415,images/cell1415.png,0,0,3
1417,images/cell1417.png,0,0,3
1418,images/cell1418.png,0,0,3
1420,images/cell1420.png,0,0,3
1421,images/cell1421.png,0,0,3
1422,images/cell1422.png,0,0,3
1423,images/cell1423.png,0,0,3
1424,images/cell1424.png,0,0,3
1425,images/cell1425.png,0,0,2
1426,images/cell1426.png,0,0,3
1427,images/cell1427.png,0,0,3
1428,images/cell1428.png,0,0,2
1429,images/cell1429.png,0,0,1
1434,images/cell1434.png,0,0,1
1435,images/cell1435.png,0,0,0
1436,images/cell1436.png,0,0,0
1439,images/cell1439.png,0,0,2
1440,images/cell1440.png,0,0,3
1441,images/cell1441.png,0,0,3
1442,images/cell1442.png,0,0,0
1443,images/cell1443.png,0,0,0
1445,images/cell1445.png,0,0,0
1446,images/cell1446.png,0,0,0
1447,images/cell1447.png,0,0,0
1448,images/cell1448.png,0,0,1
1449,images/cell1449.png,0,0,0
1451,images/cell1451.png,0,0,1
1452,images/cell1452.png,0,0,1
1456,images/cell1456.png,1,0,1
1457,images/cell1457.png,0,0,2
1458,images/cell1458.png,0,0,0
1459,images/cell1459.png,0,0,0
1460,images/cell1460.png,0,0,0
1461,images/cell1461.png,0,0,3
1463,images/cell1463.png,0,0,0
1464,images/cell1464.png,0,0,0
1465,images/cell1465.png,0,0,0
1466,images/cell1466.png,0,0,1
1467,images/cell1467.png,0,0,0
1468,images/cell1468.png,0,0,1
1469,images/cell1469.png,0,0,0
1470,images/cell1470.png,0,0,0
1471,images/cell1471.png,0,0,0
1472,images/cell1472.png,0,0,0
1473,images/cell1473.png,0,0,0
1475,images/cell1475.png,1,0,0
1476,images/cell1476.png,0,0,1
1477,images/cell1477.png,0,0,1
1478,images/cell1478.png,0,0,2
1479,images/cell1479.png,0,0,0
1480,images/cell1480.png,0,0,0
1481,images/cell1481.png,0,0,0
1482,images/cell1482.png,0,0,0
1483,images/cell1483.png,0,0,1
1484,images/cell1484.png,0,0,0
1485,images/cell1485.png,0,0,0
1486,images/cell1486.png,0,0,1
1487,images/cell1487.png,1,0,1
1489,images/cell1489.png,0,0,2
1490,images/cell1490.png,0,0,0
1491,images/cell1491.png,0,0,0
1492,images/cell1492.png,0,0,1
1493,images/cell1493.png,0,0,0
1495,images/cell1495.png,0,0,0
1497,images/cell1497.png,0,0,0
1501,images/cell1501.png,0,0,0
1502,images/cell1502.png,1,0,2
1503,images/cell1503.png,0,0,0
1504,images/cell1504.png,0,0,0
1505,images/cell1505.png,0,0,0
1506,images/cell1506.png,0,0,0
1507,images/cell1507.png,0,0,0
1508,images/cell1508.png,0,0,0
1509,images/cell1509.png,0,0,0
1511,images/cell1511.png,0,0,0
1512,images/cell1512.png,0,0,1
1515,images/cell1515.png,0,0,0
1517,images/cell1517.png,0,0,0
1519,images/cell1519.png,0,0,0
1520,images/cell1520.png,0,0,0
1521,images/cell1521.png,0,0,0
1522,images/cell1522.png,0,0,0
1523,images/cell1523.png,0,0,0
1524,images/cell1524.png,0,0,0
1525,images/cell1525.png,0,0,0
1528,images/cell1528.png,0,0,0
1529,images/cell1529.png,0,0,0
1530,images/cell1530.png,0,0,0
1531,images/cell1531.png,0,0,1
1532,images/cell1532.png,0,0,0
1533,images/cell1533.png,0,0,0
1534,images/cell1534.png,0,0,0
1535,images/cell1535.png,0,0,0
1536,images/cell1536.png,0,0,0
1537,images/cell1537.png,0,0,0
1538,images/cell1538.png,0,0,0
1539,images/cell1539.png,0,0,0
1541,images/cell1541.png,0,0,0
1542,images/cell1542.png,0,0,0
1543,images/cell1543.png,0,0,0
1544,images/cell1544.png,0,0,0
1545,images/cell1545.png,0,0,0
1546,images/cell1546.png,0,0,0
1548,images/cell1548.png,0,0,0
1549,images/cell1549.png,0,0,0
1551,images/cell1551.png,0,0,0
1552,images/cell1552.png,0,0,0
1553,images/cell1553.png,0,0,0
1555,images/cell1555.png,0,0,0
1556,images/cell1556.png,0,0,0
1557,images/cell1557.png,0,0,0
1558,images/cell1558.png,0,0,0
1559,images/cell1559.png,0,0,0
1561,images/cell1561.png,0,0,0
1562,images/cell1562.png,0,0,0
1563,images/cell1563.png,0,0,0
1564,images/cell1564.png,0,0,0
1565,images/cell1565.png,0,0,0
1566,images/cell1566.png,0,0,0
1567,images/cell1567.png,0,0,1
1568,images/cell1568.png,0,0,0
1569,images/cell1569.png,0,0,0
1570,images/cell1570.png,0,0,0
1571,images/cell1571.png,0,0,0
1572,images/cell1572.png,0,0,0
1574,images/cell1574.png,0,0,0
1575,images/cell1575.png,0,0,0
1581,images/cell1581.png,0,0,0
1582,images/cell1582.png,0,0,0
1584,images/cell1584.png,0,0,0
1586,images/cell1586.png,0,0,0
1587,images/cell1587.png,0,0,0
1588,images/cell1588.png,0,0,0
1591,images/cell1591.png,1,0,3
1592,images/cell1592.png,0,0,0
1594,images/cell1594.png,0,0,0
1596,images/cell1596.png,0,0,1
1597,images/cell1597.png,0,0,0
1598,images/cell1598.png,0,0,0
1600,images/cell1600.png,0,0,0
1601,images/cell1601.png,0,0,0
1602,images/cell1602.png,0,0,0
1603,images/cell1603.png,0,0,0
1604,images/cell1604.png,0,0,0
1605,images/cell1605.png,0,0,0
1606,images/cell1606.png,0,0,0
1607,images/cell1607.png,0,0,0
1609,images/cell1609.png,0,0,0
1610,images/cell1610.png,0,0,0
1611,images/cell1611.png,0,0,0
1612,images/cell1612.png,0,0,0
1613,images/cell1613.png,0,0,0
1614,images/cell1614.png,0,0,0
1615,images/cell1615.png,1,1,3
1616,images/cell1616.png,0,1,3
1617,images/cell1617.png,0,0,0
1618,images/cell1618.png,1,1,3
1619,images/cell1619.png,0,0,0
1620,images/cell1620.png,0,0,0
1621,images/cell1621.png,1,1,3
1622,images/cell1622.png,1,1,3
1623,images/cell1623.png,0,1,3
1624,images/cell1624.png,1,1,3
1625,images/cell1625.png,1,1,3
1626,images/cell1626.png,1,1,3
1627,images/cell1627.png,1,1,3
1628,images/cell1628.png,1,1,3
1629,images/cell1629.png,1,1,3
1631,images/cell1631.png,1,1,3
1632,images/cell1632.png,1,1,3
1633,images/cell1633.png,1,1,3
1635,images/cell1635.png,1,1,3
1636,images/cell1636.png,0,0,0
1637,images/cell1637.png,1,1,3
1638,images/cell1638.png,1,1,3
1639,images/cell1639.png,1,1,3
1640,images/cell1640.png,0,0,0
1642,images/cell1642.png,0,0,0
1643,images/cell1643.png,1,1,3
1645,images/cell1645.png,1,1,3
1647,images/cell1647.png,1,1,3
1650,images/cell1650.png,1,1,3
1651,images/cell1651.png,1,1,3
1653,images/cell1653.png,1,1,3
1655,images/cell1655.png,1,1,3
1657,images/cell1657.png,1,1,3
1661,images/cell1661.png,0,0,0
1662,images/cell1662.png,0,0,0
1663,images/cell1663.png,0,0,0
1664,images/cell1664.png,0,0,0
1665,images/cell1665.png,1,1,3
1666,images/cell1666.png,1,1,3
1667,images/cell1667.png,1,1,3
1668,images/cell1668.png,1,1,3
1670,images/cell1670.png,1,1,3
1671,images/cell1671.png,1,1,3
1672,images/cell1672.png,1,1,3
1673,images/cell1673.png,1,1,3
1674,images/cell1674.png,1,1,3
1677,images/cell1677.png,0,0,0
1680,images/cell1680.png,0,0,0
1681,images/cell1681.png,0,0,0
1682,images/cell1682.png,0,0,0
1683,images/cell1683.png,0,0,0
1686,images/cell1686.png,0,0,0
1687,images/cell1687.png,0,0,0
1688,images/cell1688.png,0,0,0
1689,images/cell1689.png,0,0,0
1690,images/cell1690.png,0,0,0
1691,images/cell1691.png,0,0,0
1692,images/cell1692.png,0,0,0
1693,images/cell1693.png,0,0,0
1694,images/cell1694.png,0,0,0
1696,images/cell1696.png,0,0,0
1698,images/cell1698.png,0,0,0
1699,images/cell1699.png,0,0,0
1700,images/cell1700.png,0,0,0
1701,images/cell1701.png,1,0,0
1703,images/cell1703.png,0,0,0
1704,images/cell1704.png,0,0,0
1705,images/cell1705.png,0,0,0
1706,images/cell1706.png,0,0,1
1707,images/cell1707.png,0,0,0
1708,images/cell1708.png,0,0,0
1709,images/cell1709.png,0,0,0
1710,images/cell1710.png,0,0,0
1711,images/cell1711.png,0,0,0
1712,images/cell1712.png,1,0,0
1713,images/cell1713.png,0,0,0
1714,images/cell1714.png,0,0,1
1715,images/cell1715.png,0,0,0
1716,images/cell1716.png,0,0,0
1717,images/cell1717.png,0,0,0
1718,images/cell1718.png,0,0,0
1719,images/cell1719.png,0,0,0
1720,images/cell1720.png,0,0,0
1722,images/cell1722.png,0,0,0
1723,images/cell1723.png,0,0,0
1724,images/cell1724.png,0,0,0
1725,images/cell1725.png,0,0,0
1726,images/cell1726.png,0,0,0
1727,images/cell1727.png,0,0,0
1728,images/cell1728.png,0,0,3
1729,images/cell1729.png,0,0,3
1733,images/cell1733.png,0,0,3
1735,images/cell1735.png,0,0,0
1736,images/cell1736.png,0,0,0
1737,images/cell1737.png,0,0,0
1739,images/cell1739.png,0,0,0
1740,images/cell1740.png,0,0,0
1742,images/cell1742.png,0,0,0
1744,images/cell1744.png,0,0,0
1745,images/cell1745.png,0,0,0
1746,images/cell1746.png,0,0,1
1748,images/cell1748.png,0,0,1
1750,images/cell1750.png,0,0,1
1751,images/cell1751.png,0,0,0
1752,images/cell1752.png,0,0,1
1753,images/cell1753.png,0,0,0
1754,images/cell1754.png,0,0,0
1755,images/cell1755.png,0,0,0
1756,images/cell1756.png,0,0,0
1757,images/cell1757.png,0,0,0
1758,images/cell1758.png,0,0,0
1760,images/cell1760.png,0,0,0
1761,images/cell1761.png,1,0,3
1762,images/cell1762.png,0,0,0
1763,images/cell1763.png,0,0,0
1764,images/cell1764.png,0,0,0
1765,images/cell1765.png,0,0,0
1766,images/cell1766.png,0,0,0
1767,images/cell1767.png,0,0,0
1769,images/cell1769.png,0,0,0
1770,images/cell1770.png,0,0,0
1771,images/cell1771.png,1,0,2
1774,images/cell1774.png,0,0,0
1775,images/cell1775.png,0,0,0
1776,images/cell1776.png,0,0,0
1777,images/cell1777.png,0,0,0
1779,images/cell1779.png,0,0,0
1780,images/cell1780.png,0,0,0
1781,images/cell1781.png,0,0,1
1782,images/cell1782.png,0,0,0
1783,images/cell1783.png,0,0,0
1785,images/cell1785.png,0,0,0
1786,images/cell1786.png,0,0,0
1787,images/cell1787.png,0,0,0
1788,images/cell1788.png,0,0,0
1789,images/cell1789.png,0,0,0
1790,images/cell1790.png,0,0,0
1791,images/cell1791.png,0,0,0
1792,images/cell1792.png,0,0,0
1793,images/cell1793.png,0,0,0
1794,images/cell1794.png,0,0,0
1795,images/cell1795.png,0,0,0
1796,images/cell1796.png,0,0,0
1797,images/cell1797.png,0,0,0
1798,images/cell1798.png,0,0,0
1799,images/cell1799.png,0,0,0
1800,images/cell1800.png,0,0,0
1801,images/cell1801.png,0,0,1
1802,images/cell1802.png,0,0,0
1804,images/cell1804.png,0,0,0
1805,images/cell1805.png,0,0,0
1806,images/cell1806.png,0,0,1
1807,images/cell1807.png,0,0,1
1808,images/cell1808.png,0,0,1
1809,images/cell1809.png,0,0,1
1811,images/cell1811.png,0,0,0
1812,images/cell1812.png,0,0,1
1813,images/cell1813.png,0,0,1
1814,images/cell1814.png,0,0,1
1815,images/cell1815.png,0,0,0
1816,images/cell1816.png,0,0,0
1818,images/cell1818.png,0,0,0
1819,images/cell1819.png,0,0,1
1821,images/cell1821.png,0,0,1
1823,images/cell1823.png,0,0,1
1824,images/cell1824.png,0,0,1
1825,images/cell1825.png,0,0,0
1826,images/cell1826.png,0,0,0
1828,images/cell1828.png,0,0,0
1829,images/cell1829.png,0,0,0
1830,images/cell1830.png,0,0,0
1832,images/cell1832.png,0,0,0
1833,images/cell1833.png,0,0,0
1835,images/cell1835.png,0,0,1
1836,images/cell1836.png,0,0,3
1837,images/cell1837.png,0,0,3
1838,images/cell1838.png,0,0,3
1840,images/cell1840.png,0,0,0
1841,images/cell1841.png,0,0,2
1843,images/cell1843.png,0,0,3
1844,images/cell1844.png,0,0,3
1845,images/cell1845.png,0,0,1
1847,images/cell1847.png,0,0,3
1850,images/cell1850.png,0,0,0
1855,images/cell1855.png,0,0,0
1856,images/cell1856.png,0,0,1
1858,images/cell1858.png,0,0,0
1859,images/cell1859.png,0,0,0
1860,images/cell1860.png,0,0,0
1861,images/cell1861.png,0,0,0
1863,images/cell1863.png,0,0,0
1864,images/cell1864.png,0,0,0
1865,images/cell1865.png,0,0,0
1867,images/cell1867.png,0,0,0
1868,images/cell1868.png,0,0,0
1869,images/cell1869.png,0,0,0
1870,images/cell1870.png,0,0,0
1871,images/cell1871.png,0,0,0
1873,images/cell1873.png,0,0,0
1874,images/cell1874.png,0,0,0
1877,images/cell1877.png,0,0,0
1878,images/cell1878.png,0,0,0
1879,images/cell1879.png,0,0,0
1880,images/cell1880.png,0,0,0
1881,images/cell1881.png,0,0,0
1883,images/cell1883.png,0,0,0
1886,images/cell1886.png,0,0,0
1887,images/cell1887.png,0,0,0
1889,images/cell1889.png,0,0,0
1890,images/cell1890.png,1,0,3
1891,images/cell1891.png,0,0,0
1892,images/cell1892.png,0,0,0
1893,images/cell1893.png,0,0,0
1896,images/cell1896.png,0,0,3
1897,images/cell1897.png,0,0,3
1898,images/cell1898.png,0,0,0
1899,images/cell1899.png,0,0,3
1903,images/cell1903.png,0,0,3
1904,images/cell1904.png,0,0,3
1905,images/cell1905.png,0,0,1
1906,images/cell1906.png,1,0,1
1907,images/cell1907.png,0,0,1
1908,images/cell1908.png,0,0,1
1909,images/cell1909.png,0,0,0
1910,images/cell1910.png,0,0,1
1911,images/cell1911.png,0,0,0
1912,images/cell1912.png,0,0,0
1913,images/cell1913.png,0,0,1
1915,images/cell1915.png,0,0,0
1916,images/cell1916.png,0,0,0
1917,images/cell1917.png,0,0,0
1918,images/cell1918.png,0,0,0
1919,images/cell1919.png,0,0,1
1920,images/cell1920.png,0,0,1
1921,images/cell1921.png,0,0,1
1923,images/cell1923.png,0,0,2
1924,images/cell1924.png,0,0,0
1925,images/cell1925.png,0,0,0
1926,images/cell1926.png,0,0,0
1927,images/cell1927.png,0,0,1
1928,images/cell1928.png,0,0,1
1930,images/cell1930.png,0,0,1
1931,images/cell1931.png,0,0,0
1932,images/cell1932.png,0,0,1
1933,images/cell1933.png,0,0,1
1934,images/cell1934.png,0,0,0
1935,images/cell1935.png,0,0,1
1937,images/cell1937.png,0,0,1
1938,images/cell1938.png,0,0,0
1939,images/cell1939.png,0,0,0
1940,images/cell1940.png,0,0,0
1943,images/cell1943.png,0,0,1
1944,images/cell1944.png,0,0,0
1946,images/cell1946.png,0,0,0
1947,images/cell1947.png,0,0,0
1948,images/cell1948.png,0,0,0
1950,images/cell1950.png,0,0,2
1951,images/cell1951.png,0,0,0
1952,images/cell1952.png,0,0,0
1953,images/cell1953.png,0,0,2
1954,images/cell1954.png,0,0,3
1955,images/cell1955.png,0,0,3
1956,images/cell1956.png,0,0,3
1958,images/cell1958.png,0,0,0
1959,images/cell1959.png,0,0,1
1960,images/cell1960.png,0,0,0
1963,images/cell1963.png,0,0,0
1964,images/cell1964.png,0,0,3
1965,images/cell1965.png,0,0,2
1966,images/cell1966.png,0,0,0
1967,images/cell1967.png,0,0,0
1968,images/cell1968.png,0,0,0
1969,images/cell1969.png,0,0,0
1970,images/cell1970.png,0,0,0
1971,images/cell1971.png,0,0,0
1972,images/cell1972.png,0,0,0
1973,images/cell1973.png,0,0,0
1974,images/cell1974.png,0,0,0
1976,images/cell1976.png,0,1,3
1978,images/cell1978.png,0,0,0
1979,images/cell1979.png,0,0,0
1980,images/cell1980.png,0,0,0
1981,images/cell1981.png,0,0,0
1982,images/cell1982.png,1,0,3
1983,images/cell1983.png,0,0,0
1984,images/cell1984.png,0,0,0
1985,images/cell1985.png,0,0,0
1986,images/cell1986.png,0,0,0
1987,images/cell1987.png,0,0,0
1989,images/cell1989.png,1,0,3
1990,images/cell1990.png,0,0,0
1991,images/cell1991.png,1,0,3
1996,images/cell1996.png,0,0,0
1997,images/cell1997.png,0,0,0
1998,images/cell1998.png,0,0,0
2000,images/cell2000.png,0,0,0
2001,images/cell2001.png,0,0,0
2002,images/cell2002.png,0,0,0
2003,images/cell2003.png,0,0,0
2004,images/cell2004.png,0,0,0
2005,images/cell2005.png,0,0,0
2006,images/cell2006.png,0,0,0
2007,images/cell2007.png,0,0,0
2009,images/cell2009.png,0,0,0
2011,images/cell2011.png,0,0,0
2012,images/cell2012.png,0,0,1
2013,images/cell2013.png,0,0,1
2014,images/cell2014.png,0,0,3
2016,images/cell2016.png,0,0,0
2017,images/cell2017.png,1,0,3
2018,images/cell2018.png,0,0,3
2020,images/cell2020.png,0,0,0
2021,images/cell2021.png,0,0,1
2022,images/cell2022.png,0,0,1
2025,images/cell2025.png,0,0,1
2026,images/cell2026.png,0,0,0
2028,images/cell2028.png,0,0,0
2029,images/cell2029.png,0,0,0
2030,images/cell2030.png,0,0,0
2031,images/cell2031.png,0,0,0
2032,images/cell2032.png,0,0,0
2033,images/cell2033.png,0,0,0
2034,images/cell2034.png,0,0,1
2035,images/cell2035.png,0,0,0
2036,images/cell2036.png,1,0,3
2037,images/cell2037.png,0,0,0
2038,images/cell2038.png,1,0,3
2039,images/cell2039.png,0,0,3
2040,images/cell2040.png,0,0,0
2041,images/cell2041.png,0,0,0
2042,images/cell2042.png,1,0,3
2043,images/cell2043.png,0,0,0
2044,images/cell2044.png,1,0,3
2046,images/cell2046.png,0,0,0
2048,images/cell2048.png,0,0,0
2049,images/cell2049.png,0,0,0
2050,images/cell2050.png,0,0,0
2052,images/cell2052.png,1,1,3
2053,images/cell2053.png,1,0,3
2054,images/cell2054.png,1,0,3
2055,images/cell2055.png,1,0,3
2056,images/cell2056.png,0,0,0
2057,images/cell2057.png,1,1,3
2058,images/cell2058.png,0,0,0
2059,images/cell2059.png,0,0,0
2063,images/cell2063.png,0,0,0
2064,images/cell2064.png,0,0,0
2065,images/cell2065.png,0,0,0
2066,images/cell2066.png,0,0,0
2067,images/cell2067.png,0,0,0
2069,images/cell2069.png,0,0,0
2070,images/cell2070.png,1,0,3
2071,images/cell2071.png,1,1,3
2073,images/cell2073.png,0,0,0
2074,images/cell2074.png,1,0,3
2075,images/cell2075.png,0,0,0
2078,images/cell2078.png,0,0,0
2079,images/cell2079.png,0,0,0
2080,images/cell2080.png,0,0,0
2081,images/cell2081.png,1,0,3
2082,images/cell2082.png,0,0,1
2084,images/cell2084.png,0,0,1
2085,images/cell2085.png,0,0,0
2086,images/cell2086.png,0,0,0
2087,images/cell2087.png,0,0,0
2091,images/cell2091.png,0,0,0
2092,images/cell2092.png,0,0,1
2093,images/cell2093.png,0,0,0
2094,images/cell2094.png,0,0,0
2095,images/cell2095.png,0,0,0
2096,images/cell2096.png,0,0,0
2097,images/cell2097.png,0,0,0
2098,images/cell2098.png,0,0,0
2099,images/cell2099.png,0,0,0
2100,images/cell2100.png,0,0,0
2101,images/cell2101.png,0,0,0
2102,images/cell2102.png,0,0,0
2104,images/cell2104.png,0,0,0
2105,images/cell2105.png,0,0,1
2106,images/cell2106.png,0,0,0
2108,images/cell2108.png,0,0,0
2109,images/cell2109.png,0,0,0
2110,images/cell2110.png,0,0,0
2111,images/cell2111.png,0,0,0
2112,images/cell2112.png,0,0,0
2113,images/cell2113.png,0,0,0
2114,images/cell2114.png,0,0,0
2115,images/cell2115.png,0,0,0
2118,images/cell2118.png,0,0,0
2119,images/cell2119.png,0,0,0
2120,images/cell2120.png,0,0,0
2122,images/cell2122.png,1,0,2
2124,images/cell2124.png,0,0,0
2125,images/cell2125.png,0,0,0
2126,images/cell2126.png,0,0,0
2128,images/cell2128.png,0,0,0
2129,images/cell2129.png,0,0,0
2130,images/cell2130.png,0,0,1
2131,images/cell2131.png,0,0,1
2132,images/cell2132.png,0,0,0
2133,images/cell2133.png,0,0,0
2135,images/cell2135.png,0,0,0
2138,images/cell2138.png,0,0,0
2139,images/cell2139.png,0,0,0
2140,images/cell2140.png,0,0,0
2143,images/cell2143.png,0,0,1
2144,images/cell2144.png,0,0,1
2146,images/cell2146.png,0,0,0
2147,images/cell2147.png,0,0,0
2148,images/cell2148.png,0,0,0
2150,images/cell2150.png,0,0,0
2151,images/cell2151.png,0,0,0
2153,images/cell2153.png,0,0,0
2155,images/cell2155.png,0,0,0
2156,images/cell2156.png,0,0,0
2158,images/cell2158.png,0,0,0
2159,images/cell2159.png,0,0,0
2160,images/cell2160.png,0,0,0
2163,images/cell2163.png,0,0,0
2165,images/cell2165.png,0,0,0
2166,images/cell2166.png,0,0,2
2168,images/cell2168.png,0,0,0
2170,images/cell2170.png,0,0,0
2171,images/cell2171.png,0,0,0
2172,images/cell2172.png,0,0,2
2173,images/cell2173.png,0,0,1
2174,images/cell2174.png,0,0,0
2175,images/cell2175.png,0,0,0
2176,images/cell2176.png,0,0,1
2177,images/cell2177.png,0,0,0
2178,images/cell2178.png,0,0,0
2179,images/cell2179.png,0,0,0
2180,images/cell2180.png,0,0,0
2181,images/cell2181.png,0,0,1
2184,images/cell2184.png,0,0,0
2186,images/cell2186.png,0,0,0
2188,images/cell2188.png,0,0,0
2190,images/cell2190.png,0,0,0
2191,images/cell2191.png,0,0,0
2192,images/cell2192.png,0,0,0
2193,images/cell2193.png,0,0,0
2194,images/cell2194.png,0,0,0
2195,images/cell2195.png,0,0,0
2197,images/cell2197.png,0,0,1
2198,images/cell2198.png,0,0,0
2199,images/cell2199.png,0,0,0
2201,images/cell2201.png,0,0,0
2202,images/cell2202.png,0,0,1
2203,images/cell2203.png,0,0,0
2204,images/cell2204.png,1,0,2
2205,images/cell2205.png,0,0,2
2206,images/cell2206.png,0,0,0
2209,images/cell2209.png,0,0,0
2211,images/cell2211.png,0,0,0
2212,images/cell2212.png,0,0,1
2213,images/cell2213.png,0,0,0
2216,images/cell2216.png,0,0,0
2217,images/cell2217.png,0,0,0
2218,images/cell2218.png,0,0,0
2221,images/cell2221.png,0,0,0
2222,images/cell2222.png,0,0,0
2223,images/cell2223.png,0,0,0
2224,images/cell2224.png,0,0,0
2225,images/cell2225.png,0,0,0
2226,images/cell2226.png,0,0,0
2227,images/cell2227.png,0,0,0
2228,images/cell2228.png,0,0,0
2229,images/cell2229.png,0,0,0
2230,images/cell2230.png,0,0,0
2231,images/cell2231.png,0,0,0
2232,images/cell2232.png,0,0,0
2233,images/cell2233.png,0,0,0
2234,images/cell2234.png,0,0,0
2235,images/cell2235.png,0,0,0
2236,images/cell2236.png,0,0,0
2237,images/cell2237.png,0,0,0
2239,images/cell2239.png,0,0,0
2241,images/cell2241.png,0,0,0
2243,images/cell2243.png,0,0,0
2245,images/cell2245.png,0,0,0
2246,images/cell2246.png,0,0,0
2247,images/cell2247.png,0,0,0
2248,images/cell2248.png,0,0,0
2249,images/cell2249.png,0,0,0
2250,images/cell2250.png,0,0,0
2251,images/cell2251.png,0,0,0
2252,images/cell2252.png,0,0,0
2253,images/cell2253.png,0,0,0
2254,images/cell2254.png,0,0,0
2255,images/cell2255.png,0,0,0
2256,images/cell2256.png,0,0,0
2257,images/cell2257.png,0,0,0
2258,images/cell2258.png,0,0,0
2259,images/cell2259.png,0,0,0
2260,images/cell2260.png,0,0,0
2262,images/cell2262.png,0,0,0
2263,images/cell2263.png,0,0,0
2264,images/cell2264.png,0,0,0
2265,images/cell2265.png,0,0,0
2266,images/cell2266.png,0,0,0
2267,images/cell2267.png,0,0,0
2268,images/cell2268.png,0,0,1
2269,images/cell2269.png,0,0,0
2271,images/cell2271.png,0,0,0
2272,images/cell2272.png,0,0,0
2273,images/cell2273.png,0,0,0
2274,images/cell2274.png,0,0,0
2275,images/cell2275.png,0,0,0
2276,images/cell2276.png,0,0,0
2277,images/cell2277.png,0,0,1
2278,images/cell2278.png,0,0,0
2279,images/cell2279.png,0,0,0
2280,images/cell2280.png,0,0,0
2282,images/cell2282.png,0,0,0
2283,images/cell2283.png,0,0,0
2284,images/cell2284.png,0,0,0
2285,images/cell2285.png,0,0,0
2286,images/cell2286.png,0,0,0
2287,images/cell2287.png,0,0,0
2289,images/cell2289.png,1,0,3
2290,images/cell2290.png,0,0,1
2291,images/cell2291.png,0,0,0
2292,images/cell2292.png,0,0,1
2294,images/cell2294.png,0,0,1
2296,images/cell2296.png,0,0,0
2297,images/cell2297.png,0,0,0
2300,images/cell2300.png,0,0,0
2302,images/cell2302.png,0,0,0
2303,images/cell2303.png,0,0,0
2305,images/cell2305.png,0,0,0
2306,images/cell2306.png,0,0,0
2307,images/cell2307.png,0,0,0
2308,images/cell2308.png,0,0,0
2309,images/cell2309.png,0,0,0
2310,images/cell2310.png,0,0,0
2311,images/cell2311.png,0,0,0
2314,images/cell2314.png,0,0,0
2316,images/cell2316.png,0,0,0
2318,images/cell2318.png,0,0,1
2319,images/cell2319.png,0,0,0
2320,images/cell2320.png,0,0,0
2321,images/cell2321.png,0,0,0
2327,images/cell2327.png,0,0,3
2328,images/cell2328.png,0,0,3
2329,images/cell2329.png,0,0,3
2330,images/cell2330.png,0,0,3
2331,images/cell2331.png,0,0,1
2332,images/cell2332.png,0,0,3
2333,images/cell2333.png,0,0,3
2334,images/cell2334.png,0,0,3
2335,images/cell2335.png,0,0,3
2336,images/cell2336.png,0,0,3
2337,images/cell2337.png,0,0,0
2340,images/cell2340.png,0,0,0
2341,images/cell2341.png,0,0,0
2342,images/cell2342.png,0,0,0
2343,images/cell2343.png,0,0,0
2344,images/cell2344.png,0,0,0
2346,images/cell2346.png,0,0,0
2347,images/cell2347.png,0,0,0
2349,images/cell2349.png,0,0,0
2350,images/cell2350.png,1,0,3
2351,images/cell2351.png,0,0,0
2352,images/cell2352.png,0,0,0
2353,images/cell2353.png,0,0,0
2354,images/cell2354.png,0,0,0
2355,images/cell2355.png,0,0,0
2356,images/cell2356.png,0,0,0
2357,images/cell2357.png,0,0,0
2358,images/cell2358.png,0,0,0
2359,images/cell2359.png,0,0,0
2360,images/cell2360.png,0,0,0
2361,images/cell2361.png,0,0,0
2363,images/cell2363.png,0,0,0
2364,images/cell2364.png,0,0,0
2365,images/cell2365.png,0,0,0
2367,images/cell2367.png,0,0,2
2370,images/cell2370.png,0,0,0
2371,images/cell2371.png,0,0,0
2372,images/cell2372.png,0,0,0
2373,images/cell2373.png,0,0,0
2375,images/cell2375.png,0,0,0
2376,images/cell2376.png,0,0,0
2377,images/cell2377.png,0,0,0
2378,images/cell2378.png,0,0,0
2379,images/cell2379.png,0,0,0
2380,images/cell2380.png,0,0,0
2381,images/cell2381.png,0,0,0
2383,images/cell2383.png,0,0,0
2384,images/cell2384.png,0,0,0
2385,images/cell2385.png,0,0,0
2386,images/cell2386.png,0,0,1
2387,images/cell2387.png,0,0,0
2388,images/cell2388.png,0,0,0
2389,images/cell2389.png,0,0,0
2390,images/cell2390.png,0,0,0
2391,images/cell2391.png,0,0,0
2392,images/cell2392.png,1,0,3
2393,images/cell2393.png,0,0,0
2395,images/cell2395.png,0,0,0
2397,images/cell2397.png,0,0,1
2401,images/cell2401.png,0,0,0
2402,images/cell2402.png,0,0,0
2403,images/cell2403.png,0,0,0
2404,images/cell2404.png,0,0,0
2405,images/cell2405.png,0,0,0
2406,images/cell2406.png,0,0,0
2407,images/cell2407.png,0,0,0
2408,images/cell2408.png,0,0,1
2409,images/cell2409.png,0,0,0
2411,images/cell2411.png,0,0,0
2412,images/cell2412.png,0,0,1
2413,images/cell2413.png,0,0,1
2414,images/cell2414.png,0,0,1
2415,images/cell2415.png,0,0,0
2419,images/cell2419.png,0,0,0
2420,images/cell2420.png,0,0,0
2421,images/cell2421.png,0,0,0
2422,images/cell2422.png,0,0,0
2423,images/cell2423.png,0,0,0
2424,images/cell2424.png,0,0,0
2425,images/cell2425.png,0,0,0
2426,images/cell2426.png,0,0,0
2427,images/cell2427.png,1,0,2
2428,images/cell2428.png,0,0,0
2430,images/cell2430.png,0,0,0
2431,images/cell2431.png,1,0,3
2432,images/cell2432.png,1,0,0
2433,images/cell2433.png,1,0,0
2434,images/cell2434.png,0,0,0
2435,images/cell2435.png,1,0,2
2437,images/cell2437.png,1,0,3
2438,images/cell2438.png,0,0,3
2439,images/cell2439.png,0,0,3
2440,images/cell2440.png,0,0,3
2441,images/cell2441.png,0,0,0
2442,images/cell2442.png,0,0,0
2445,images/cell2445.png,0,0,0
2446,images/cell2446.png,1,0,3
2447,images/cell2447.png,0,0,0
2448,images/cell2448.png,0,0,0
2449,images/cell2449.png,0,0,0
2450,images/cell2450.png,0,0,0
2451,images/cell2451.png,0,0,0
2452,images/cell2452.png,0,0,0
2454,images/cell2454.png,0,0,0
2455,images/cell2455.png,0,0,0
2456,images/cell2456.png,1,0,3
2457,images/cell2457.png,0,0,0
2458,images/cell2458.png,0,0,0
2459,images/cell2459.png,0,0,0
2461,images/cell2461.png,0,0,0
2463,images/cell2463.png,0,0,0
2466,images/cell2466.png,0,0,0
2468,images/cell2468.png,0,0,0
2469,images/cell2469.png,0,0,0
2471,images/cell2471.png,0,0,0
2472,images/cell2472.png,0,0,0
2474,images/cell2474.png,0,0,0
2475,images/cell2475.png,0,0,0
2476,images/cell2476.png,0,0,0
2477,images/cell2477.png,0,0,0
2478,images/cell2478.png,0,0,0
2479,images/cell2479.png,0,0,0
2480,images/cell2480.png,0,0,0
2481,images/cell2481.png,0,0,0
2482,images/cell2482.png,0,0,0
2484,images/cell2484.png,0,0,1
2485,images/cell2485.png,0,0,0
2486,images/cell2486.png,0,0,0
2487,images/cell2487.png,0,0,0
2488,images/cell2488.png,0,0,0
2489,images/cell2489.png,0,0,0
2490,images/cell2490.png,0,0,0
2491,images/cell2491.png,0,0,0
2494,images/cell2494.png,0,0,0
2496,images/cell2496.png,0,0,0
2497,images/cell2497.png,0,0,0
2498,images/cell2498.png,0,0,0
2499,images/cell2499.png,0,0,0
2504,images/cell2504.png,0,0,0
2506,images/cell2506.png,0,0,0
2507,images/cell2507.png,0,0,0
2509,images/cell2509.png,1,0,3
2510,images/cell2510.png,0,0,0
2511,images/cell2511.png,0,0,0
2512,images/cell2512.png,0,0,0
2513,images/cell2513.png,0,0,0
2514,images/cell2514.png,0,0,0
2516,images/cell2516.png,1,0,3
2517,images/cell2517.png,1,0,3
2521,images/cell2521.png,0,0,0
2522,images/cell2522.png,0,0,0
2525,images/cell2525.png,1,0,3
2526,images/cell2526.png,1,0,3
2527,images/cell2527.png,0,0,0
2528,images/cell2528.png,0,0,0
2529,images/cell2529.png,0,0,0
2530,images/cell2530.png,0,0,0
2531,images/cell2531.png,0,0,0
2532,images/cell2532.png,0,0,0
2533,images/cell2533.png,0,0,0
2535,images/cell2535.png,0,0,0
2537,images/cell2537.png,0,0,0
2538,images/cell2538.png,1,0,3
2539,images/cell2539.png,0,0,0
2540,images/cell2540.png,0,0,0
2541,images/cell2541.png,0,0,0
2542,images/cell2542.png,0,0,3
2543,images/cell2543.png,0,0,0
2544,images/cell2544.png,1,1,3
2545,images/cell2545.png,0,0,0
2546,images/cell2546.png,1,0,3
2547,images/cell2547.png,1,0,3
2548,images/cell2548.png,1,0,3
2549,images/cell2549.png,0,0,0
2550,images/cell2550.png,0,0,0
2551,images/cell2551.png,0,0,0
2552,images/cell2552.png,0,0,0
2553,images/cell2553.png,0,0,0
2554,images/cell2554.png,0,0,3
2555,images/cell2555.png,0,0,2
2558,images/cell2558.png,0,0,0
2559,images/cell2559.png,0,0,0
2560,images/cell2560.png,0,0,0
2561,images/cell2561.png,0,0,0
2562,images/cell2562.png,0,0,0
2563,images/cell2563.png,0,0,0
2564,images/cell2564.png,0,0,0
2565,images/cell2565.png,0,0,1
2566,images/cell2566.png,0,0,1
2567,images/cell2567.png,0,0,1
2568,images/cell2568.png,0,0,1
2569,images/cell2569.png,0,0,0
2570,images/cell2570.png,0,0,1
2571,images/cell2571.png,0,0,1
2572,images/cell2572.png,0,0,1
2573,images/cell2573.png,0,0,1
2574,images/cell2574.png,0,0,1
2575,images/cell2575.png,0,0,1
2576,images/cell2576.png,0,0,1
2577,images/cell2577.png,0,0,1
2578,images/cell2578.png,0,0,0
2581,images/cell2581.png,0,0,1
2582,images/cell2582.png,0,0,0
2583,images/cell2583.png,0,0,1
2585,images/cell2585.png,0,0,1
2587,images/cell2587.png,0,0,0
2588,images/cell2588.png,0,0,1
2589,images/cell2589.png,0,0,1
2590,images/cell2590.png,0,0,0
2591,images/cell2591.png,0,0,0
2592,images/cell2592.png,0,0,0
2595,images/cell2595.png,0,0,0
2597,images/cell2597.png,0,0,0
2599,images/cell2599.png,0,1,3
2600,images/cell2600.png,0,0,1
2601,images/cell2601.png,0,0,0
2602,images/cell2602.png,0,0,0
2603,images/cell2603.png,0,0,0
2604,images/cell2604.png,0,0,2
2608,images/cell2608.png,0,0,0
2609,images/cell2609.png,0,0,0
2610,images/cell2610.png,0,0,0
2611,images/cell2611.png,0,0,0
2613,images/cell2613.png,0,0,0
2614,images/cell2614.png,0,0,0
2615,images/cell2615.png,0,0,1
2616,images/cell2616.png,0,0,1
2617,images/cell2617.png,0,0,1
2620,images/cell2620.png,0,0,0
2621,images/cell2621.png,0,0,0
2622,images/cell2622.png,0,0,0
2624,images/cell2624.png,0,0,0
